<?xml version="1.0" encoding="UTF-8" standalone="yes"?>
<addon id="script.module.js2py" name="js2py" version="0.6.3" provider-name="hbiyik">
  <requires>
    <import addon="xbmc.python" version="2.25.0"/>
    <import addon="script.module.six"/>
    <import addon="script.module.pyjsparser"/>
    <import addon="script.module.tzlocal"/>
  </requires>
  <extension point="xbmc.python.module" library="lib" />
  <extension point="xbmc.addon.metadata">
    <summary>Pure Python JavaScript Translator/Interpreter</summary>
    <description>Packed for Kodi from https://github.com/PiotrDabkowski/Js2Py</description>
    <platform>all</platform>
    <language></language>
    <license>MIT</license>
	<forum>https://github.com/hbiyik/repository.biyik/issues</forum>
	<website>https://github.com/hbiyik/repository.biyik</website>
  </extension>
</addon>
