<?xml version="1.0" encoding="UTF-8" standalone="yes"?>
<addon id="script.module.pyjsparser" name="pyjsparser" version="3.0.0" provider-name="hbiyik">
  <requires>

  </requires>
  <extension point="xbmc.python.module" library="lib" />
  <extension point="xbmc.addon.metadata">
    <summary>Pure Python JavaScript Translator/Interpreter</summary>
    <description>Packed for Kodi from https://github.com/PiotrDabkowski/pyjsparser</description>
    <platform>all</platform>
    <language></language>
    <license>MIT</license>
	<forum>https://github.com/hbiyik/repository.biyik/issues</forum>
	<website>https://github.com/hbiyik/repository.biyik</website>
  </extension>
</addon>
