<?xml version="1.0" encoding="UTF-8" standalone="yes"?>
<addon id="script.module.importlib" name="importlib" version="1.0.4" provider-name="hbiyik">
  <requires>
    <import addon="xbmc.python" version="2.1.0"/>
  </requires>
  <extension point="xbmc.python.module"
             library="lib" />
  <extension point="xbmc.addon.metadata">
    <summary>Importlib Backports</summary>
    <description>Importlib Backports</description>
	<license>GNU General Public License, v2</license>
	<forum>https://github.com/hbiyik/repository.biyik/issues</forum>
	<website>https://github.com/hbiyik/repository.biyik</website>
  </extension>
</addon>
