<?xml version="1.0" encoding="utf-8"?>
<addon id="script.module.sublib" name="Sublib Module" provider-name="hbiyik" version="0.2.1">
    <requires>
	<import addon="script.module.tinyxbmc"/>
	<import addon="vfs.rar" optional="true"/>
	<import addon="vfs.libarchive" optional="true"/>
	</requires>
	<extension library="lib" point="xbmc.python.module"/>
	<extension point="xbmc.addon.metadata">
		<platform>all</platform>
		<summary lang="en">Subtitle Library to create subtitle addons easy and fast</summary>
		<summary lang="tr">Altyazı eklentisi geliştirmek için sublib kütüphanesi</summary>
		<description lang="en">Sublib Module</description>
		<license>GNU General Public License, v2</license>
		<forum>https://github.com/hbiyik/repository.biyik/issues</forum>
		<website>https://github.com/hbiyik/repository.biyik</website>
	</extension>
</addon>