<?xml version="1.0" encoding="UTF-8"?>
<addon id="script.module.cachecontrol" name="Cachecontrol Module" provider-name="hbiyik" version="3.0.1">
    <requires>
		<import addon="script.module.six"/>
	</requires>
	<extension point="xbmc.python.module" library="lib" />
	<extension point="xbmc.addon.metadata">
		<platform>all</platform>
		<summary lang="en">CacheControl module</summary>
		<description lang="en">CacheControl</description>
		<license>GNU General Public License, v2</license>
		<forum>https://github.com/hbiyik/repository.biyik/issues</forum>
		<website>https://github.com/hbiyik/repository.biyik</website>
	</extension>
</addon>