<?xml version='1.0' encoding='UTF-8' standalone='yes'?>
<addon id="service.vods.cnnturk" name="CNNTurk module for VODS" provider-name="hbiyik" version="0.0.2">
  <requires>
    <import addon="xbmc.python" version="2.1.0" />
    <import addon="plugin.video.vods" />
    <import addon="script.module.htmlement" />
  </requires>
  <extension point="xbmc.service" library="" />
  <extension library="lib" point="xbmc.python.module" />
  <extension point="xbmc.addon.metadata">
		<platform>all</platform>
		<summary lang="en">CNN Turk for VODS</summary>
		<description lang="en">CNN Turk for VODS</description>
		<license>GNU General Public License, v2</license>
		<language/>
		<forum>https://github.com/hbiyik/repository.biyik/issues</forum>
		<website>https://github.com/hbiyik/repository.biyik</website>
  </extension>
  <tinyxbmc>
  	<plugin path="lib" id="vodsshow" module="cnn" instance="cnnturk"/>
  </tinyxbmc>
</addon>