<?xml version="1.0" encoding="UTF-8"?>
<addon id="script.module.chromium" name="Chromium Service" provider-name="hbiyik" version="0.0.5">
    <requires>
		<import addon="script.module.tinyxbmc"/>
		<import addon="service.system.docker" optional="true"/>
	</requires>
    <extension point="xbmc.service" library="service.py" />
	<extension point="xbmc.python.module" library="lib" />
	<extension point="xbmc.addon.metadata">
		<platform>linux</platform>
		<summary lang="en">TinxyXBMC module</summary>
		<description lang="en">TinyXBMC</description>
		<license>GNU General Public License, v2</license>
		<forum>https://github.com/hbiyik/repository.biyik/issues</forum>
		<website>https://github.com/hbiyik/repository.biyik</website>
	</extension>
</addon>
