<?xml version='1.0' encoding='UTF-8' standalone='yes'?>
<addon id="service.vods.tdf" name="VODS Top Documentary Films" version="0.0.3" provider-name="hbiyik">
	<requires>
		<import addon="xbmc.python" version="2.19.0"/>
		<import addon="plugin.video.vods"/>
		<import addon="script.module.htmlement"/>
		<import addon="plugin.program.vods-players"/>
	</requires>
	<extension point="xbmc.service" library="" />
	<extension library="lib" point="xbmc.python.module" />
	<extension point="xbmc.addon.metadata">
		<platform>all</platform>
		<summary lang="en">Top documentary Films for VODS</summary>
		<description lang="en">Top documentary Films for VODS</description>
		<license>GNU General Public License, v2</license>
		<language/>
		<forum>https://github.com/hbiyik/repository.biyik/issues</forum>
		<source/>
		<website>https://github.com/hbiyik/repository.biyik</website>
	</extension>
  <tinyxbmc>
  	<plugin path="lib" id="vodsshow" module="tdf" instance="tdf"/>
  </tinyxbmc>
</addon>
