<?xml version='1.0' encoding='UTF-8' standalone='yes'?>
<addon id="plugin.program.vods-players" name="VODS Players" provider-name="hbiyik" version="0.0.8">
  <requires>
    <import addon="xbmc.python" version="2.1.0" />
    <import addon="plugin.video.vods" />
    <import addon="script.module.tinyxbmc" />
    <import addon="script.module.six" />
    <import addon="script.module.ghub"/>
  </requires>
  <extension point="xbmc.python.pluginsource" library="addon.py">
		<provides>executable</provides>
  </extension>
  <extension point="xbmc.addon.metadata">
    <platform>all</platform>
    <summary lang="en">Player Interfaces for script.module.boogie</summary>
  </extension>
  <extension library="lib" point="xbmc.python.module" />
  <extension point="xbmc.addon.metadata">
		<platform>all</platform>
		<summary lang="en">Player Interfaces for plugin.video.vods</summary>
		<description lang="en">Player Interfaces for plugin.video.vods</description>
		<license>GNU General Public License, v2</license>
		<language/>
		<forum>https://github.com/hbiyik/repository.biyik/issues</forum>
		<website>https://github.com/hbiyik/repository.biyik</website>
  </extension>
  <tinyxbmc>
  	<plugin path="lib" id="vodslinkplayer" module="ydl" instance="ydl"/>
  	<plugin path="lib" id="vodsaddonplayer" module="players" instance="youtube"/>
  	<plugin path="lib" id="vodsaddonplayer" module="players" instance="dailymotion"/>
  </tinyxbmc>
</addon>